{"learning_rate": 0.0001896645406861695, "gamma": 0.939121230192693, "n_steps": 2048, "batch_size": 128, "ent_coef": 0.003785938259222421}